[
    {
        "id": 1,
        "cuisine_name": "Bangladeshi",
        "chef_id": 101,
        "cuisine_title": "Bhuna Khichuri",
        "chef_name": "Chef Rahman"
    },
    {
        "id": 2,
        "cuisine_name": "Bangladeshi",
        "chef_id": 102,
        "cuisine_title": "Rui Macher Kalia",
        "chef_name": "Chef Nahar"
    },
    {
        "id": 3,
        "cuisine_name": "Chinese",
        "chef_id": 201,
        "cuisine_title": "Kung Pao Chicken",
        "chef_name": "Chef Wang"
    },
    {
        "id": 4,
        "cuisine_name": "Chinese",
        "chef_id": 202,
        "cuisine_title": "Sweet and Sour Pork",
        "chef_name": "Chef Li"
    },
    {
        "id": 5,
        "cuisine_name": "Indian",
        "chef_id": 301,
        "cuisine_title": "Butter Chicken",
        "chef_name": "Chef Singh"
    },
    {
        "id": 6,
        "cuisine_name": "Indian",
        "chef_id": 302,
        "cuisine_title": "Paneer Tikka",
        "chef_name": "Chef Sharma"
    },
    {
        "id": 7,
        "cuisine_name": "Mediterranean",
        "chef_id": 401,
        "cuisine_title": "Hummus",
        "chef_name": "Chef Amina"
    },
    {
        "id": 8,
        "cuisine_name": "Mediterranean",
        "chef_id": 402,
        "cuisine_title": "Falafel",
        "chef_name": "Chef Khaled"
    },
    {
        "id": 9,
        "cuisine_name": "Thai",
        "chef_id": 501,
        "cuisine_title": "Pad Thai",
        "chef_name": "Chef Suda"
    },
    {
        "id": 10,
        "cuisine_name": "Thai",
        "chef_id": 502,
        "cuisine_title": "Green Curry",
        "chef_name": "Chef Anong"
    },
    {
        "id": 11,
        "cuisine_name": "Japanese",
        "chef_id": 601,
        "cuisine_title": "Sushi",
        "chef_name": "Chef Tanaka"
    },
    {
        "id": 12,
        "cuisine_name": "Japanese",
        "chef_id": 602,
        "cuisine_title": "Ramen",
        "chef_name": "Chef Nakamura"
    },
    {
        "id": 13,
        "cuisine_name": "Italian",
        "chef_id": 701,
        "cuisine_title": "Spaghetti Carbonara",
        "chef_name": "Chef Rossi"
    },
    {
        "id": 14,
        "cuisine_name": "Italian",
        "chef_id": 702,
        "cuisine_title": "Margherita Pizza",
        "chef_name": "Chef Bianchi"
    },
    {
        "id": 15,
        "cuisine_name": "African",
        "chef_id": 801,
        "cuisine_title": "Jollof Rice",
        "chef_name": "Chef Ade"
    },
    {
        "id": 16,
        "cuisine_name": "African",
        "chef_id": 802,
        "cuisine_title": "Bunny Chow",
        "chef_name": "Chef Zola"
    },
    {
        "id": 17,
        "cuisine_name": "Vietnamese",
        "chef_id": 901,
        "cuisine_title": "Pho",
        "chef_name": "Chef Nguyen"
    },
    {
        "id": 18,
        "cuisine_name": "Vietnamese",
        "chef_id": 902,
        "cuisine_title": "Banh Mi",
        "chef_name": "Chef Pham"
    },
    {
        "id": 19,
        "cuisine_name": "Sri Lankan",
        "chef_id": 1001,
        "cuisine_title": "Hoppers",
        "chef_name": "Chef Kamal"
    },
    {
        "id": 20,
        "cuisine_name": "Sri Lankan",
        "chef_id": 1002,
        "cuisine_title": "Kottu Roti",
        "chef_name": "Chef Indika"
    },
    {
        "id": 21,
        "cuisine_name": "Nepalese",
        "chef_id": 1101,
        "cuisine_title": "Momos"
    },
    {
        "id": 22,
        "cuisine_name": "Nepalese",
        "chef_id": 1102,
        "cuisine_title": "Dal Bhat"
    },
    {
        "id": 23,
        "cuisine_name": "American",
        "chef_id": 1201,
        "cuisine_title": "Burger"
    },
    {
        "id": 24,
        "cuisine_name": "American",
        "chef_id": 1202,
        "cuisine_title": "BBQ Ribs"
    },
    {
        "id": 25,
        "cuisine_name": "Korean",
        "chef_id": 1301,
        "cuisine_title": "Bibimbap"
    },
    {
        "id": 26,
        "cuisine_name": "Korean",
        "chef_id": 1302,
        "cuisine_title": "Kimchi"
    },
    {
        "id": 27,
        "cuisine_name": "Mexican",
        "chef_id": 1401,
        "cuisine_title": "Tacos"
    },
    {
        "id": 28,
        "cuisine_name": "Mexican",
        "chef_id": 1402,
        "cuisine_title": "Guacamole"
    },
    {
        "id": 29,
        "cuisine_name": "Australian",
        "chef_id": 1501,
        "cuisine_title": "Lamingtons"
    },
    {
        "id": 30,
        "cuisine_name": "Australian",
        "chef_id": 1502,
        "cuisine_title": "Pavlova"
    },
    {
        "id": 31,
        "cuisine_name": "Afghan",
        "chef_id": 1601,
        "cuisine_title": "Kabuli Pulao",
        "chef_name": "Chef Qadir"
    },
    {
        "id": 32,
        "cuisine_name": "Afghan",
        "chef_id": 1602,
        "cuisine_title": "Mantu",
        "chef_name": "Chef Farid"
    },
    {
        "id": 33,
        "cuisine_name": "French",
        "chef_id": 1701,
        "cuisine_title": "Croissants",
        "chef_name": "Chef Dupont"
    },
    {
        "id": 34,
        "cuisine_name": "French",
        "chef_id": 1702,
        "cuisine_title": "Coq au Vin",
        "chef_name": "Chef Laurent"
    }
]