[
    {
        "id": 1,
        "cuisine_name": "Bangladeshi",
        "chef_id": 101,
        "cuisine_title": "Bhuna Khichuri",
        "chef_name": "Chef Rahman",
        "chef_image": "chef_rahman.jpg",
        "cuisine_rating": 4.5,
        "cuisine_details": "A traditional Bangladeshi rice dish made with lentils, spices, and ghee.",
        "cuisine_image": "https://images.pexels.com/photos/7733102/pexels-photo-7733102.jpeg?auto=compress&cs=tinysrgb&w=1260&h=750&dpr=1"
    },
    {
        "id": 2,
        "cuisine_name": "Bangladeshi",
        "chef_id": 102,
        "cuisine_title": "Rui Macher Kalia",
        "chef_name": "Chef Nahar",
        "chef_image": "chef_nahar.jpg",
        "cuisine_rating": 4.7,
        "cuisine_details": "A rich and spicy fish curry made with carp, popular in Bangladeshi cuisine.",
        "cuisine_image": "https://images.pexels.com/photos/16547243/pexels-photo-16547243/free-photo-of-pho-ga-soup-with-chicken-and-rice-noodles.jpeg?auto=compress&cs=tinysrgb&w=1260&h=750&dpr=1"
    },
    {
        "id": 3,
        "cuisine_name": "Chinese",
        "chef_id": 201,
        "cuisine_title": "Kung Pao Chicken",
        "chef_name": "Chef Wang",
        "chef_image": "chef_wang.jpg",
        "cuisine_rating": 4.8,
        "cuisine_details": "A spicy, stir-fried Chinese dish made with chicken, peanuts, vegetables, and chili peppers.",
        "cuisine_image": "kung_pao_chicken.jpg"
    },
    {
        "id": 4,
        "cuisine_name": "Chinese",
        "chef_id": 202,
        "cuisine_title": "Sweet and Sour Pork",
        "chef_name": "Chef Li",
        "chef_image": "chef_li.jpg",
        "cuisine_rating": 4.6,
        "cuisine_details": "A popular Chinese dish featuring pork in a tangy sweet and sour sauce.",
        "cuisine_image": "sweet_and_sour_pork.jpg"
    },
    {
        "id": 5,
        "cuisine_name": "Indian",
        "chef_id": 301,
        "cuisine_title": "Butter Chicken",
        "chef_name": "Chef Singh",
        "chef_image": "chef_singh.jpg",
        "cuisine_rating": 4.9,
        "cuisine_details": "A rich and creamy curry made with marinated chicken cooked in a tomato-based sauce.",
        "cuisine_image": "butter_chicken.jpg"
    },
    {
        "id": 6,
        "cuisine_name": "Indian",
        "chef_id": 302,
        "cuisine_title": "Paneer Tikka",
        "chef_name": "Chef Sharma",
        "chef_image": "chef_sharma.jpg",
        "cuisine_rating": 4.7,
        "cuisine_details": "Marinated paneer cubes grilled to perfection, served with a mint chutney.",
        "cuisine_image": "paneer_tikka.jpg"
    },
    {
        "id": 7,
        "cuisine_name": "Mediterranean",
        "chef_id": 401,
        "cuisine_title": "Hummus",
        "chef_name": "Chef Amina",
        "chef_image": "chef_amina.jpg",
        "cuisine_rating": 4.5,
        "cuisine_details": "A creamy dip made from blended chickpeas, tahini, olive oil, lemon juice, and garlic.",
        "cuisine_image": "hummus.jpg"
    },
    {
        "id": 8,
        "cuisine_name": "Mediterranean",
        "chef_id": 402,
        "cuisine_title": "Falafel",
        "chef_name": "Chef Khaled",
        "chef_image": "chef_khaled.jpg",
        "cuisine_rating": 4.8,
        "cuisine_details": "Deep-fried balls or patties made from ground chickpeas, fava beans, or both.",
        "cuisine_image": "falafel.jpg"
    },
    {
        "id": 9,
        "cuisine_name": "Thai",
        "chef_id": 501,
        "cuisine_title": "Pad Thai",
        "chef_name": "Chef Suda",
        "chef_image": "chef_suda.jpg",
        "cuisine_rating": 4.7,
        "cuisine_details": "A stir-fried rice noodle dish commonly served as street food in Thailand.",
        "cuisine_image": "pad_thai.jpg"
    },
    {
        "id": 10,
        "cuisine_name": "Thai",
        "chef_id": 502,
        "cuisine_title": "Green Curry",
        "chef_name": "Chef Anong",
        "chef_image": "chef_anong.jpg",
        "cuisine_rating": 4.6,
        "cuisine_details": "A Thai curry made with green curry paste, coconut milk, meat, and vegetables.",
        "cuisine_image": "green_curry.jpg"
    },
    {
        "id": 11,
        "cuisine_name": "Japanese",
        "chef_id": 601,
        "cuisine_title": "Sushi",
        "chef_name": "Chef Tanaka",
        "chef_image": "chef_tanaka.jpg",
        "cuisine_rating": 4.9,
        "cuisine_details": "A Japanese dish consisting of vinegared rice accompanied by various ingredients such as seafood and vegetables.",
        "cuisine_image": "sushi.jpg"
    },
    {
        "id": 12,
        "cuisine_name": "Japanese",
        "chef_id": 602,
        "cuisine_title": "Ramen",
        "chef_name": "Chef Nakamura",
        "chef_image": "chef_nakamura.jpg",
        "cuisine_rating": 4.8,
        "cuisine_details": "A Japanese noodle soup dish with Chinese-style wheat noodles served in a meat or fish-based broth.",
        "cuisine_image": "ramen.jpg"
    },
    {
        "id": 13,
        "cuisine_name": "Italian",
        "chef_id": 701,
        "cuisine_title": "Spaghetti Carbonara",
        "chef_name": "Chef Rossi",
        "chef_image": "chef_rossi.jpg",
        "cuisine_rating": 4.9,
        "cuisine_details": "An Italian pasta dish from Rome made with egg, hard cheese, pancetta, and pepper.",
        "cuisine_image": "spaghetti_carbonara.jpg"
    },
    {
        "id": 14,
        "cuisine_name": "Italian",
        "chef_id": 702,
        "cuisine_title": "Margherita Pizza",
        "chef_name": "Chef Bianchi",
        "chef_image": "chef_bianchi.jpg",
        "cuisine_rating": 4.7,
        "cuisine_details": "A traditional Neapolitan pizza made with tomatoes, mozzarella, fresh basil, salt, and olive oil.",
        "cuisine_image": "margherita_pizza.jpg"
    },
    {
        "id": 15,
        "cuisine_name": "African",
        "chef_id": 801,
        "cuisine_title": "Jollof Rice",
        "chef_name": "Chef Ade",
        "chef_image": "chef_ade.jpg",
        "cuisine_rating": 4.8,
        "cuisine_details": "A popular West African dish made with rice, tomatoes, onions, and spices.",
        "cuisine_image": "jollof_rice.jpg"
    },
    {
        "id": 16,
        "cuisine_name": "African",
        "chef_id": 802,
        "cuisine_title": "Bunny Chow",
        "chef_name": "Chef Zola",
        "chef_image": "chef_zola.jpg",
        "cuisine_rating": 4.6,
        "cuisine_details": "A South African fast food dish consisting of a hollowed-out loaf of bread filled with curry.",
        "cuisine_image": "bunny_chow.jpg"
    },
    {
        "id": 17,
        "cuisine_name": "Vietnamese",
        "chef_id": 901,
        "cuisine_title": "Pho",
        "chef_name": "Chef Nguyen",
        "chef_image": "chef_nguyen.jpg",
        "cuisine_rating": 4.8,
        "cuisine_details": "A Vietnamese soup consisting of broth, rice noodles, herbs, and meat, usually beef or chicken.",
        "cuisine_image": "pho.jpg"
    },
    {
        "id": 18,
        "cuisine_name": "Vietnamese",
        "chef_id": 902,
        "cuisine_title": "Banh Mi",
        "chef_name": "Chef Pham",
        "chef_image": "chef_pham.jpg",
        "cuisine_rating": 4.7,
        "cuisine_details": "A Vietnamese sandwich that consists of a French baguette filled with various ingredients such as meats, vegetables, and condiments.",
        "cuisine_image": "banh_mi.jpg"
    },
    {
        "id": 19,
        "cuisine_name": "Sri Lankan",
        "chef_id": 1001,
        "cuisine_title": "Hoppers",
        "chef_name": "Chef Kamal",
        "chef_image": "chef_kamal.jpg",
        "cuisine_rating": 4.6,
        "cuisine_details": "A type of pancake made with fermented rice batter and coconut milk, common in Sri Lankan cuisine.",
        "cuisine_image": "hoppers.jpg"
    },
    {
        "id": 20,
        "cuisine_name": "Sri Lankan",
        "chef_id": 1002,
        "cuisine_title": "Kottu Roti",
        "chef_name": "Chef Indika",
        "chef_image": "chef_indika.jpg",
        "cuisine_rating": 4.7,
        "cuisine_details": "A Sri Lankan dish made from Godhamba roti and vegetables, egg, or meat, and spices.",
        "cuisine_image": "kottu_roti.jpg"
    },
    {
        "id": 21,
        "cuisine_name": "Mexican",
        "chef_id": 1101,
        "cuisine_title": "Tacos",
        "chef_name": "Chef Gonzalez",
        "chef_image": "chef_gonzalez.jpg",
        "cuisine_rating": 4.9,
        "cuisine_details": "A traditional Mexican dish composed of a corn or wheat tortilla folded or rolled around a filling.",
        "cuisine_image": "tacos.jpg"
    },
    {
        "id": 22,
        "cuisine_name": "Mexican",
        "chef_id": 1102,
        "cuisine_title": "Guacamole",
        "chef_name": "Chef Ramirez",
        "chef_image": "chef_ramirez.jpg",
        "cuisine_rating": 4.8,
        "cuisine_details": "An avocado-based dip, spread, or salad first developed in Mexico.",
        "cuisine_image": "guacamole.jpg"
    },
    {
        "id": 23,
        "cuisine_name": "French",
        "chef_id": 1201,
        "cuisine_title": "Croissant",
        "chef_name": "Chef Dupont",
        "chef_image": "chef_dupont.jpg",
        "cuisine_rating": 4.9,
        "cuisine_details": "A buttery, flaky, and crescent-shaped pastry of Austrian origin.",
        "cuisine_image": "croissant.jpg"
    },
    {
        "id": 24,
        "cuisine_name": "French",
        "chef_id": 1202,
        "cuisine_title": "Ratatouille",
        "chef_name": "Chef Martin",
        "chef_image": "chef_martin.jpg",
        "cuisine_rating": 4.7,
        "cuisine_details": "A French Provençal stewed vegetable dish originating in Nice, France.",
        "cuisine_image": "ratatouille.jpg"
    },
    {
        "id": 25,
        "cuisine_name": "Brazilian",
        "chef_id": 1301,
        "cuisine_title": "Feijoada",
        "chef_name": "Chef Silva",
        "chef_image": "chef_silva.jpg",
        "cuisine_rating": 4.8,
        "cuisine_details": "A stew of beans with beef and pork, which is a typical Brazilian dish.",
        "cuisine_image": "feijoada.jpg"
    },
    {
        "id": 26,
        "cuisine_name": "Brazilian",
        "chef_id": 1302,
        "cuisine_title": "Brigadeiro",
        "chef_name": "Chef Souza",
        "chef_image": "chef_souza.jpg",
        "cuisine_rating": 4.7,
        "cuisine_details": "A traditional Brazilian dessert made of condensed milk, cocoa powder, butter, and chocolate sprinkles.",
        "cuisine_image": "brigadeiro.jpg"
    },
    {
        "id": 27,
        "cuisine_name": "Korean",
        "chef_id": 1401,
        "cuisine_title": "Kimchi",
        "chef_name": "Chef Park",
        "chef_image": "chef_park.jpg",
        "cuisine_rating": 4.9,
        "cuisine_details": "A traditional Korean side dish of fermented vegetables, usually made with napa cabbage and Korean radishes.",
        "cuisine_image": "kimchi.jpg"
    },
    {
        "id": 28,
        "cuisine_name": "Korean",
        "chef_id": 1402,
        "cuisine_title": "Bibimbap",
        "chef_name": "Chef Kim",
        "chef_image": "chef_kim.jpg",
        "cuisine_rating": 4.8,
        "cuisine_details": "A Korean rice dish, meaning 'mixed rice,' with assorted vegetables, meats, and a fried egg on top.",
        "cuisine_image": "bibimbap.jpg"
    },
    {
        "id": 29,
        "cuisine_name": "Spanish",
        "chef_id": 1501,
        "cuisine_title": "Paella",
        "chef_name": "Chef Garcia",
        "chef_image": "chef_garcia.jpg",
        "cuisine_rating": 4.9,
        "cuisine_details": "A Spanish rice dish originally from Valencia, made with rice, meat, seafood, and vegetables.",
        "cuisine_image": "paella.jpg"
    },
    {
        "id": 30,
        "cuisine_name": "Spanish",
        "chef_id": 1502,
        "cuisine_title": "Churros",
        "chef_name": "Chef Lopez",
        "chef_image": "chef_lopez.jpg",
        "cuisine_rating": 4.8,
        "cuisine_details": "A fried-dough pastry, typically sprinkled with sugar and served with a thick hot chocolate for dipping.",
        "cuisine_image": "churros.jpg"
    },
    {
        "id": 31,
        "cuisine_name": "Afghan",
        "chef_id": 1601,
        "cuisine_title": "Kabuli Pulao",
        "chef_name": "Chef Qadir",
        "chef_image": "chef_qadir.jpg",
        "cuisine_rating": 4.8,
        "cuisine_details": "Afghanistan's national dish, a rice dish with lamb, carrots, raisins, and a variety of spices."
    },
    {
        "id": 32,
        "cuisine_name": "Afghan",
        "chef_id": 1602,
        "cuisine_title": "Mantu",
        "chef_name": "Chef Farid",
        "chef_image": "chef_farid.jpg",
        "cuisine_rating": 4.7,
        "cuisine_details": "Afghan dumplings filled with spiced meat, topped with a tomato-based sauce and yogurt."
    },
    {
        "id": 33,
        "cuisine_name": "French",
        "chef_id": 1701,
        "cuisine_title": "Croissants",
        "chef_name": "Chef Dupont",
        "chef_image": "chef_dupont.jpg",
        "cuisine_rating": 4.9,
        "cuisine_details": "A buttery, flaky, and layered pastry of Austrian origin, associated with a French breakfast."
    },
    {
        "id": 34,
        "cuisine_name": "French",
        "chef_id": 1702,
        "cuisine_title": "Coq au Vin",
        "chef_name": "Chef Laurent",
        "chef_image": "chef_laurent.jpg",
        "cuisine_rating": 4.8,
        "cuisine_details": "A French dish of chicken braised with wine, lardons, mushrooms, and optionally garlic."
    }
]